runtime_path	width	height	mode
assets/backgrounds/v2/bg_cave_f_3x3_01.png	1536	1024	RGB
assets/props/barracks/prop_weapon_rack_cave_f_back.png	160	144	RGBA
assets/props/build/prop_foundation_marks_back.png	128	80	RGBA
assets/props/decor/prop_small_brazier_back.png	128	144	RGBA
assets/props/full_grid_rooms/room_barracks_e_full_grid.png	768	342	RGBA
assets/props/full_grid_rooms/room_build_slot_n_full_grid.png	768	341	RGBA
assets/props/full_grid_rooms/room_entrance_e_full_grid.png	768	341	RGBA
assets/props/full_grid_rooms/room_recovery_w_full_grid.png	768	342	RGBA
assets/props/full_grid_rooms/room_throne_s_full_grid.png	768	341	RGBA
assets/props/full_grid_rooms/room_treasure_w_full_grid.png	768	341	RGBA
assets/props/gate/prop_entrance_gate_f_back.png	192	192	RGBA
assets/props/gpt2_dungeon_props_source_atlas.png	1254	1254	RGB
assets/props/recovery/prop_recovery_nest_f_front.png	160	144	RGBA
assets/props/stage_01/prop_entrance_gate_stage01_SE_back.png	1057	923	RGBA
assets/props/stage_01/prop_foundation_marks_stage01_NE_back.png	1010	710	RGBA
assets/props/stage_01/prop_recovery_nest_stage01_NW_front.png	1063	847	RGBA
assets/props/stage_01/prop_throne_stage01_SW_back.png	1129	1074	RGBA
assets/props/stage_01/prop_treasure_pile_stage01_NW_front.png	1137	965	RGBA
assets/props/stage_01/prop_weapon_rack_stage01_SE_back.png	1163	917	RGBA
assets/props/stage_03/prop_armory_stage03_SE_back.png	1402	1122	RGBA
assets/props/stage_03/prop_entrance_gate_stage03_SE_back.png	1448	1086	RGBA
assets/props/stage_03/prop_foundation_ward_stage03_NE_back.png	1503	1047	RGBA
assets/props/stage_03/prop_recovery_sanctuary_stage03_NW_front.png	1410	1115	RGBA
assets/props/stage_03/prop_throne_stage03_SW_back.png	1310	1200	RGBA
assets/props/stage_03/prop_treasure_vault_stage03_NW_front.png	1402	1122	RGBA
assets/props/stage_03/prop_ward_core_stage03_NW_back.png	1500	1049	RGBA
assets/props/stage_04/prop_armory_stage04_SE_back.png	1402	1122	RGBA
assets/props/stage_04/prop_construction_platform_stage04_NE_back.png	1492	1054	RGBA
assets/props/stage_04/prop_elite_garrison_stage04_NW_back.png	1254	1254	RGBA
assets/props/stage_04/prop_entrance_gate_stage04_SE_back.png	1448	1086	RGBA
assets/props/stage_04/prop_recovery_sanctuary_stage04_NW_front.png	1402	1122	RGBA
assets/props/stage_04/prop_throne_stage04_SW_back.png	1297	1213	RGBA
assets/props/stage_04/prop_treasure_vault_stage04_NW_front.png	1402	1122	RGBA
assets/props/stage_04/prop_ward_core_stage04_NW_back.png	1510	1042	RGBA
assets/props/stage_04/prop_watch_tower_stage04_NW_front.png	1153	1364	RGBA
assets/props/throne/prop_throne_f_back.png	192	192	RGBA
assets/props/throne/prop_throne_f_front.png	192	192	RGBA
assets/props/throne/prop_throne_sw_back.png	192	192	RGBA
assets/props/throne/prop_throne_sw_front.png	192	192	RGBA
assets/props/traps/trap_spike_idle_00.png	128	80	RGBA
assets/props/traps/trap_spike_trigger_00.png	128	80	RGBA
assets/props/traps/trap_spike_trigger_01.png	128	96	RGBA
assets/props/traps/trap_spike_trigger_02.png	128	80	RGBA
assets/props/traps/trap_spike_trigger_03.png	128	80	RGBA
assets/props/treasure/prop_treasure_pile_large_front.png	160	128	RGBA
assets/props/update4/upper/crown_pedestal_active.png	384	256	RGBA
assets/props/update4/upper/crown_pedestal_damaged.png	384	256	RGBA
assets/props/update4/upper/crown_pedestal_empty.png	384	256	RGBA
assets/props/update4/upper/seal_vault_alarm.png	384	256	RGBA
assets/props/update4/upper/seal_vault_normal.png	384	256	RGBA
assets/props/update4/upper/seal_vault_stolen.png	384	256	RGBA
assets/props/update4/upper/upper_facility_slot.png	384	256	RGBA
assets/props/v2/prop_entrance_gate_v2_back.png	260	190	RGBA
assets/props/v2/prop_foundation_marks_v2_back.png	210	140	RGBA
assets/props/v2/prop_recovery_nest_v2_front.png	230	170	RGBA
assets/props/v2/prop_small_brazier_v2_back.png	170	180	RGBA
assets/props/v2/prop_throne_v2_back.png	240	230	RGBA
assets/props/v2/prop_throne_v2_front.png	220	145	RGBA
assets/props/v2/prop_treasure_pile_v2_front.png	230	170	RGBA
assets/props/v2/prop_watch_post_v2_front.png	210	260	RGBA
assets/props/v2/prop_weapon_rack_v2_back.png	240	190	RGBA
assets/props/v2/trap_spike_v2_idle_00.png	128	96	RGBA
assets/props/v2/trap_spike_v2_trigger_00.png	128	96	RGBA
assets/props/v2/trap_spike_v2_trigger_01.png	128	96	RGBA
assets/props/v2/trap_spike_v2_trigger_02.png	128	96	RGBA
assets/props/v2/trap_spike_v2_trigger_03.png	128	96	RGBA
assets/props/v3/prop_entrance_gate_v3_NE_back.png	270	205	RGBA
assets/props/v3/prop_entrance_gate_v3_NW_back.png	270	205	RGBA
assets/props/v3/prop_entrance_gate_v3_SE_back.png	270	205	RGBA
assets/props/v3/prop_entrance_gate_v3_SW_back.png	270	205	RGBA
assets/props/v3/prop_foundation_marks_v3_NE_back.png	220	150	RGBA
assets/props/v3/prop_foundation_marks_v3_NW_back.png	220	150	RGBA
assets/props/v3/prop_foundation_marks_v3_SE_back.png	220	150	RGBA
assets/props/v3/prop_foundation_marks_v3_SW_back.png	220	150	RGBA
assets/props/v3/prop_recovery_nest_v3_NE_front.png	240	180	RGBA
assets/props/v3/prop_recovery_nest_v3_NW_front.png	240	180	RGBA
assets/props/v3/prop_recovery_nest_v3_SE_front.png	240	180	RGBA
assets/props/v3/prop_recovery_nest_v3_SW_front.png	240	180	RGBA
assets/props/v3/prop_small_brazier_v3_NE_back.png	180	190	RGBA
assets/props/v3/prop_small_brazier_v3_NW_back.png	180	190	RGBA
assets/props/v3/prop_small_brazier_v3_SE_back.png	180	190	RGBA
assets/props/v3/prop_small_brazier_v3_SW_back.png	180	190	RGBA
assets/props/v3/prop_throne_v3_NE_back.png	250	240	RGBA
assets/props/v3/prop_throne_v3_NE_front.png	230	150	RGBA
assets/props/v3/prop_throne_v3_NW_back.png	250	240	RGBA
assets/props/v3/prop_throne_v3_NW_front.png	230	150	RGBA
assets/props/v3/prop_throne_v3_SE_back.png	250	240	RGBA
assets/props/v3/prop_throne_v3_SE_front.png	230	150	RGBA
assets/props/v3/prop_throne_v3_SW_back.png	250	240	RGBA
assets/props/v3/prop_throne_v3_SW_front.png	230	150	RGBA
assets/props/v3/prop_treasure_pile_v3_NE_front.png	240	180	RGBA
assets/props/v3/prop_treasure_pile_v3_NW_front.png	240	180	RGBA
assets/props/v3/prop_treasure_pile_v3_SE_front.png	240	180	RGBA
assets/props/v3/prop_treasure_pile_v3_SW_front.png	240	180	RGBA
assets/props/v3/prop_watch_post_v3_NE_front.png	225	270	RGBA
assets/props/v3/prop_watch_post_v3_NW_front.png	225	270	RGBA
assets/props/v3/prop_watch_post_v3_SE_front.png	225	270	RGBA
assets/props/v3/prop_watch_post_v3_SW_front.png	225	270	RGBA
assets/props/v3/prop_weapon_rack_v3_NE_back.png	250	195	RGBA
assets/props/v3/prop_weapon_rack_v3_NW_back.png	250	195	RGBA
assets/props/v3/prop_weapon_rack_v3_SE_back.png	250	195	RGBA
assets/props/v3/prop_weapon_rack_v3_SW_back.png	250	195	RGBA
assets/sprites/animation_gpt2/gpt2_character_animation_sheet.png	1254	1254	RGB
assets/sprites/concept_asset_sheet.png	1536	1024	RGB
assets/sprites/dungeon_gpt2/gpt2_brazier.png	348	230	RGBA
assets/sprites/dungeon_gpt2/gpt2_door_arch.png	280	265	RGBA
assets/sprites/dungeon_gpt2/gpt2_dungeon_asset_sheet.png	1536	1024	RGBA
assets/sprites/dungeon_gpt2/gpt2_dungeon_connected_map.png	1672	941	RGB
assets/sprites/dungeon_gpt2/gpt2_floor_rough.png	333	330	RGBA
assets/sprites/dungeon_gpt2/gpt2_floor_stone.png	332	329	RGBA
assets/sprites/dungeon_gpt2/gpt2_fortress_wall.png	534	278	RGBA
assets/sprites/dungeon_gpt2/gpt2_pillar.png	135	228	RGBA
assets/sprites/dungeon_gpt2/gpt2_purple_torch.png	158	206	RGBA
assets/sprites/dungeon_gpt2/gpt2_rock_border_front.png	392	249	RGBA
assets/sprites/dungeon_gpt2/gpt2_rock_columns.png	443	247	RGBA
assets/sprites/dungeon_gpt2/gpt2_wall_cap_long.png	593	167	RGBA
assets/sprites/dungeon_gpt2/gpt2_wall_face_banner.png	595	182	RGBA
assets/sprites/dungeon_gpt2/gpt2_wall_panel_torch.png	253	267	RGBA
assets/sprites/dungeon_quarter/modules/corridor_spike_ne_sw_01_visual.png	1536	1024	RGBA
assets/sprites/dungeon_quarter/modules/junction_center_01_visual.png	1536	1024	RGBA
assets/sprites/dungeon_quarter/modules/room_barracks_01_visual.png	1536	1024	RGBA
assets/sprites/dungeon_quarter/modules/room_empty_slot_01_visual.png	1536	1024	RGBA
assets/sprites/dungeon_quarter/modules/room_entrance_01_visual.png	1536	1024	RGBA
assets/sprites/dungeon_quarter/modules/room_recovery_01_visual.png	1536	1024	RGBA
assets/sprites/dungeon_quarter/modules/room_throne_01_visual.png	1536	1024	RGBA
assets/sprites/dungeon_quarter/modules/room_treasure_01_visual.png	1536	1024	RGBA
assets/sprites/effects/fx_armored_beetle_carapace_impact_00.png	256	256	RGBA
assets/sprites/effects/fx_armored_beetle_patch_shield_00.png	256	256	RGBA
assets/sprites/effects/fx_armored_beetle_scrap_rivets_00.png	256	256	RGBA
assets/sprites/effects/fx_fire_impact_00.png	128	128	RGBA
assets/sprites/effects/fx_fire_impact_01.png	128	128	RGBA
assets/sprites/effects/fx_fire_impact_02.png	128	128	RGBA
assets/sprites/effects/fx_fire_impact_03.png	128	128	RGBA
assets/sprites/effects/fx_fireball_00.png	128	128	RGBA
assets/sprites/effects/fx_fireball_01.png	128	128	RGBA
assets/sprites/effects/fx_fireball_02.png	128	128	RGBA
assets/sprites/effects/fx_fireball_03.png	128	128	RGBA
assets/sprites/effects/fx_ghost_housemaid_broom_interrupt_00.png	256	256	RGBA
assets/sprites/effects/fx_ghost_housemaid_ghost_glide_00.png	256	256	RGBA
assets/sprites/effects/fx_ghost_housemaid_rescue_ring_00.png	256	256	RGBA
assets/sprites/effects/fx_goblin_ambush_captain_00.png	192	192	RGBA
assets/sprites/effects/fx_goblin_ambush_captain_01.png	192	192	RGBA
assets/sprites/effects/fx_goblin_ambush_captain_02.png	192	192	RGBA
assets/sprites/effects/fx_goblin_ambush_captain_03.png	192	192	RGBA
assets/sprites/effects/fx_goblin_vault_keeper_00.png	192	192	RGBA
assets/sprites/effects/fx_goblin_vault_keeper_01.png	192	192	RGBA
assets/sprites/effects/fx_goblin_vault_keeper_02.png	192	192	RGBA
assets/sprites/effects/fx_goblin_vault_keeper_03.png	192	192	RGBA
assets/sprites/effects/fx_graveyard_hound_grave_bark_00.png	256	256	RGBA
assets/sprites/effects/fx_graveyard_hound_return_trail_00.png	256	256	RGBA
assets/sprites/effects/fx_graveyard_hound_scent_lock_00.png	256	256	RGBA
assets/sprites/effects/fx_guard_pulse_00.png	128	128	RGBA
assets/sprites/effects/fx_guard_pulse_01.png	128	128	RGBA
assets/sprites/effects/fx_guard_pulse_02.png	128	128	RGBA
assets/sprites/effects/fx_guard_pulse_03.png	128	128	RGBA
assets/sprites/effects/fx_hit_slash_00.png	128	128	RGBA
assets/sprites/effects/fx_hit_slash_01.png	128	128	RGBA
assets/sprites/effects/fx_hit_slash_02.png	128	128	RGBA
assets/sprites/effects/fx_hit_slash_03.png	128	128	RGBA
assets/sprites/effects/fx_imp_ember_shaman_00.png	192	192	RGBA
assets/sprites/effects/fx_imp_ember_shaman_01.png	192	192	RGBA
assets/sprites/effects/fx_imp_ember_shaman_02.png	192	192	RGBA
assets/sprites/effects/fx_imp_ember_shaman_03.png	192	192	RGBA
assets/sprites/effects/fx_imp_flame_adept_00.png	192	192	RGBA
assets/sprites/effects/fx_imp_flame_adept_01.png	192	192	RGBA
assets/sprites/effects/fx_imp_flame_adept_02.png	192	192	RGBA
assets/sprites/effects/fx_imp_flame_adept_03.png	192	192	RGBA
assets/sprites/effects/fx_loot_spark_00.png	128	128	RGBA
assets/sprites/effects/fx_loot_spark_01.png	128	128	RGBA
assets/sprites/effects/fx_loot_spark_02.png	128	128	RGBA
assets/sprites/effects/fx_loot_spark_03.png	128	128	RGBA
assets/sprites/effects/fx_selection_ring_00.png	128	128	RGBA
assets/sprites/effects/fx_shield_pulse_00.png	128	128	RGBA
assets/sprites/effects/fx_shield_pulse_01.png	128	128	RGBA
assets/sprites/effects/fx_shield_pulse_02.png	128	128	RGBA
assets/sprites/effects/fx_shield_pulse_03.png	128	128	RGBA
assets/sprites/effects/fx_slime_gate_bulwark_00.png	192	192	RGBA
assets/sprites/effects/fx_slime_gate_bulwark_01.png	192	192	RGBA
assets/sprites/effects/fx_slime_gate_bulwark_02.png	192	192	RGBA
assets/sprites/effects/fx_slime_gate_bulwark_03.png	192	192	RGBA
assets/sprites/effects/fx_slime_rescue_alchemy_00.png	192	192	RGBA
assets/sprites/effects/fx_slime_rescue_alchemy_01.png	192	192	RGBA
assets/sprites/effects/fx_slime_rescue_alchemy_02.png	192	192	RGBA
assets/sprites/effects/fx_slime_rescue_alchemy_03.png	192	192	RGBA
assets/sprites/effects/update4/contract_monsters/fx_popo_relay_00.png	256	256	RGBA
assets/sprites/effects/update4/contract_monsters/fx_popo_relay_01.png	256	256	RGBA
assets/sprites/effects/update4/contract_monsters/fx_popo_relay_02.png	256	256	RGBA
assets/sprites/effects/update4/contract_monsters/fx_popo_relay_03.png	256	256	RGBA
assets/sprites/effects/update4/contract_monsters/fx_silky_thread_00.png	256	256	RGBA
assets/sprites/effects/update4/contract_monsters/fx_silky_thread_01.png	256	256	RGBA
assets/sprites/effects/update4/contract_monsters/fx_silky_thread_02.png	256	256	RGBA
assets/sprites/effects/update4/contract_monsters/fx_silky_thread_03.png	256	256	RGBA
assets/sprites/effects/update4/crowns/fx_goblin_crown_marshal_crown_00.png	256	256	RGBA
assets/sprites/effects/update4/crowns/fx_goblin_crown_marshal_crown_01.png	256	256	RGBA
assets/sprites/effects/update4/crowns/fx_goblin_crown_marshal_crown_02.png	256	256	RGBA
assets/sprites/effects/update4/crowns/fx_goblin_crown_marshal_crown_03.png	256	256	RGBA
assets/sprites/effects/update4/crowns/fx_imp_crown_flame_sage_crown_00.png	256	256	RGBA
assets/sprites/effects/update4/crowns/fx_imp_crown_flame_sage_crown_01.png	256	256	RGBA
assets/sprites/effects/update4/crowns/fx_imp_crown_flame_sage_crown_02.png	256	256	RGBA
assets/sprites/effects/update4/crowns/fx_imp_crown_flame_sage_crown_03.png	256	256	RGBA
assets/sprites/effects/update4/crowns/fx_mori_crown_priest_crown_00.png	256	256	RGBA
assets/sprites/effects/update4/crowns/fx_mori_crown_priest_crown_01.png	256	256	RGBA
assets/sprites/effects/update4/crowns/fx_mori_crown_priest_crown_02.png	256	256	RGBA
assets/sprites/effects/update4/crowns/fx_mori_crown_priest_crown_03.png	256	256	RGBA
assets/sprites/effects/update4/crowns/fx_popo_crown_courier_crown_00.png	256	256	RGBA
assets/sprites/effects/update4/crowns/fx_popo_crown_courier_crown_01.png	256	256	RGBA
assets/sprites/effects/update4/crowns/fx_popo_crown_courier_crown_02.png	256	256	RGBA
assets/sprites/effects/update4/crowns/fx_popo_crown_courier_crown_03.png	256	256	RGBA
assets/sprites/effects/update4/crowns/fx_slime_crown_bastion_crown_00.png	256	256	RGBA
assets/sprites/effects/update4/crowns/fx_slime_crown_bastion_crown_01.png	256	256	RGBA
assets/sprites/effects/update4/crowns/fx_slime_crown_bastion_crown_02.png	256	256	RGBA
assets/sprites/effects/update4/crowns/fx_slime_crown_bastion_crown_03.png	256	256	RGBA
assets/sprites/effects/update4/crowns/fx_toktok_crown_armorer_crown_00.png	256	256	RGBA
assets/sprites/effects/update4/crowns/fx_toktok_crown_armorer_crown_01.png	256	256	RGBA
assets/sprites/effects/update4/crowns/fx_toktok_crown_armorer_crown_02.png	256	256	RGBA
assets/sprites/effects/update4/crowns/fx_toktok_crown_armorer_crown_03.png	256	256	RGBA
assets/sprites/effects/update4/rivals/fx_brassa_boss_00.png	256	256	RGBA
assets/sprites/effects/update4/rivals/fx_brassa_boss_01.png	256	256	RGBA
assets/sprites/effects/update4/rivals/fx_brassa_boss_02.png	256	256	RGBA
assets/sprites/effects/update4/rivals/fx_brassa_boss_03.png	256	256	RGBA
assets/sprites/effects/update4/rivals/fx_mirella_boss_00.png	256	256	RGBA
assets/sprites/effects/update4/rivals/fx_mirella_boss_01.png	256	256	RGBA
assets/sprites/effects/update4/rivals/fx_mirella_boss_02.png	256	256	RGBA
assets/sprites/effects/update4/rivals/fx_mirella_boss_03.png	256	256	RGBA
assets/sprites/effects/update4/rivals/fx_vesper_boss_00.png	256	256	RGBA
assets/sprites/effects/update4/rivals/fx_vesper_boss_01.png	256	256	RGBA
assets/sprites/effects/update4/rivals/fx_vesper_boss_02.png	256	256	RGBA
assets/sprites/effects/update4/rivals/fx_vesper_boss_03.png	256	256	RGBA
assets/sprites/enemies/enemy_anti_magic_archer_attack_down_00.png	192	192	RGBA
assets/sprites/enemies/enemy_anti_magic_archer_attack_down_01.png	192	192	RGBA
assets/sprites/enemies/enemy_anti_magic_archer_attack_down_02.png	192	192	RGBA
assets/sprites/enemies/enemy_anti_magic_archer_attack_down_03.png	192	192	RGBA
assets/sprites/enemies/enemy_anti_magic_archer_down_00.png	192	192	RGBA
assets/sprites/enemies/enemy_anti_magic_archer_down_01.png	192	192	RGBA
assets/sprites/enemies/enemy_anti_magic_archer_idle_down_00.png	192	192	RGBA
assets/sprites/enemies/enemy_anti_magic_archer_idle_down_01.png	192	192	RGBA
assets/sprites/enemies/enemy_anti_magic_archer_move_down_00.png	192	192	RGBA
assets/sprites/enemies/enemy_anti_magic_archer_move_down_01.png	192	192	RGBA
assets/sprites/enemies/enemy_anti_magic_archer_move_down_02.png	192	192	RGBA
assets/sprites/enemies/enemy_anti_magic_archer_move_down_03.png	192	192	RGBA
assets/sprites/enemies/enemy_anti_magic_archer_skill_down_00.png	192	192	RGBA
assets/sprites/enemies/enemy_anti_magic_archer_skill_down_01.png	192	192	RGBA
assets/sprites/enemies/enemy_anti_magic_archer_skill_down_02.png	192	192	RGBA
assets/sprites/enemies/enemy_anti_magic_archer_skill_down_03.png	192	192	RGBA
assets/sprites/enemies/enemy_engineer_attack_down_00.png	192	192	RGBA
assets/sprites/enemies/enemy_engineer_attack_down_01.png	192	192	RGBA
assets/sprites/enemies/enemy_engineer_attack_down_02.png	192	192	RGBA
assets/sprites/enemies/enemy_engineer_attack_down_03.png	192	192	RGBA
assets/sprites/enemies/enemy_engineer_down_00.png	192	192	RGBA
assets/sprites/enemies/enemy_engineer_down_01.png	192	192	RGBA
assets/sprites/enemies/enemy_engineer_idle_down_00.png	192	192	RGBA
assets/sprites/enemies/enemy_engineer_idle_down_01.png	192	192	RGBA
assets/sprites/enemies/enemy_engineer_move_down_00.png	192	192	RGBA
assets/sprites/enemies/enemy_engineer_move_down_01.png	192	192	RGBA
assets/sprites/enemies/enemy_engineer_move_down_02.png	192	192	RGBA
assets/sprites/enemies/enemy_engineer_move_down_03.png	192	192	RGBA
assets/sprites/enemies/enemy_engineer_skill_down_00.png	192	192	RGBA
assets/sprites/enemies/enemy_engineer_skill_down_01.png	192	192	RGBA
assets/sprites/enemies/enemy_engineer_skill_down_02.png	192	192	RGBA
assets/sprites/enemies/enemy_engineer_skill_down_03.png	192	192	RGBA
assets/sprites/enemies/enemy_explorer_attack_down_00.png	192	192	RGBA
assets/sprites/enemies/enemy_explorer_attack_down_01.png	192	192	RGBA
assets/sprites/enemies/enemy_explorer_attack_down_02.png	192	192	RGBA
assets/sprites/enemies/enemy_explorer_attack_down_03.png	192	192	RGBA
assets/sprites/enemies/enemy_explorer_down_00.png	192	192	RGBA
assets/sprites/enemies/enemy_explorer_down_01.png	192	192	RGBA
assets/sprites/enemies/enemy_explorer_idle_down_00.png	192	192	RGBA
assets/sprites/enemies/enemy_explorer_idle_down_01.png	192	192	RGBA
assets/sprites/enemies/enemy_explorer_move_down_00.png	192	192	RGBA
assets/sprites/enemies/enemy_explorer_move_down_01.png	192	192	RGBA
assets/sprites/enemies/enemy_explorer_move_down_02.png	192	192	RGBA
assets/sprites/enemies/enemy_explorer_move_down_03.png	192	192	RGBA
assets/sprites/enemies/enemy_explorer_skill_down_00.png	192	192	RGBA
assets/sprites/enemies/enemy_explorer_skill_down_01.png	192	192	RGBA
assets/sprites/enemies/enemy_explorer_skill_down_02.png	192	192	RGBA
assets/sprites/enemies/enemy_explorer_skill_down_03.png	192	192	RGBA
assets/sprites/enemies/enemy_investigator_attack_down_00.png	192	192	RGBA
assets/sprites/enemies/enemy_investigator_attack_down_01.png	192	192	RGBA
assets/sprites/enemies/enemy_investigator_attack_down_02.png	192	192	RGBA
assets/sprites/enemies/enemy_investigator_attack_down_03.png	192	192	RGBA
assets/sprites/enemies/enemy_investigator_down_00.png	192	192	RGBA
assets/sprites/enemies/enemy_investigator_down_01.png	192	192	RGBA
assets/sprites/enemies/enemy_investigator_idle_down_00.png	192	192	RGBA
assets/sprites/enemies/enemy_investigator_idle_down_01.png	192	192	RGBA
assets/sprites/enemies/enemy_investigator_move_down_00.png	192	192	RGBA
assets/sprites/enemies/enemy_investigator_move_down_01.png	192	192	RGBA
assets/sprites/enemies/enemy_investigator_move_down_02.png	192	192	RGBA
assets/sprites/enemies/enemy_investigator_move_down_03.png	192	192	RGBA
assets/sprites/enemies/enemy_investigator_skill_down_00.png	192	192	RGBA
assets/sprites/enemies/enemy_investigator_skill_down_01.png	192	192	RGBA
assets/sprites/enemies/enemy_investigator_skill_down_02.png	192	192	RGBA
assets/sprites/enemies/enemy_investigator_skill_down_03.png	192	192	RGBA
assets/sprites/enemies/enemy_monster_binder_attack_down_00.png	192	192	RGBA
assets/sprites/enemies/enemy_monster_binder_attack_down_01.png	192	192	RGBA
assets/sprites/enemies/enemy_monster_binder_attack_down_02.png	192	192	RGBA
assets/sprites/enemies/enemy_monster_binder_attack_down_03.png	192	192	RGBA
assets/sprites/enemies/enemy_monster_binder_down_00.png	192	192	RGBA
assets/sprites/enemies/enemy_monster_binder_down_01.png	192	192	RGBA
assets/sprites/enemies/enemy_monster_binder_idle_down_00.png	192	192	RGBA
assets/sprites/enemies/enemy_monster_binder_idle_down_01.png	192	192	RGBA
assets/sprites/enemies/enemy_monster_binder_move_down_00.png	192	192	RGBA
assets/sprites/enemies/enemy_monster_binder_move_down_01.png	192	192	RGBA
assets/sprites/enemies/enemy_monster_binder_move_down_02.png	192	192	RGBA
assets/sprites/enemies/enemy_monster_binder_move_down_03.png	192	192	RGBA
assets/sprites/enemies/enemy_monster_binder_skill_down_00.png	192	192	RGBA
assets/sprites/enemies/enemy_monster_binder_skill_down_01.png	192	192	RGBA
assets/sprites/enemies/enemy_monster_binder_skill_down_02.png	192	192	RGBA
assets/sprites/enemies/enemy_monster_binder_skill_down_03.png	192	192	RGBA
assets/sprites/enemies/enemy_official_hero_leon_attack_down_00.png	192	192	RGBA
assets/sprites/enemies/enemy_official_hero_leon_attack_down_01.png	192	192	RGBA
assets/sprites/enemies/enemy_official_hero_leon_attack_down_02.png	192	192	RGBA
assets/sprites/enemies/enemy_official_hero_leon_attack_down_03.png	192	192	RGBA
assets/sprites/enemies/enemy_official_hero_leon_down_00.png	192	192	RGBA
assets/sprites/enemies/enemy_official_hero_leon_down_01.png	192	192	RGBA
assets/sprites/enemies/enemy_official_hero_leon_idle_down_00.png	192	192	RGBA
assets/sprites/enemies/enemy_official_hero_leon_idle_down_01.png	192	192	RGBA
assets/sprites/enemies/enemy_official_hero_leon_move_down_00.png	192	192	RGBA
assets/sprites/enemies/enemy_official_hero_leon_move_down_01.png	192	192	RGBA
assets/sprites/enemies/enemy_official_hero_leon_move_down_02.png	192	192	RGBA
assets/sprites/enemies/enemy_official_hero_leon_move_down_03.png	192	192	RGBA
assets/sprites/enemies/enemy_official_hero_leon_skill_down_00.png	192	192	RGBA
assets/sprites/enemies/enemy_official_hero_leon_skill_down_01.png	192	192	RGBA
assets/sprites/enemies/enemy_official_hero_leon_skill_down_02.png	192	192	RGBA
assets/sprites/enemies/enemy_official_hero_leon_skill_down_03.png	192	192	RGBA
assets/sprites/enemies/enemy_roman_attack_down_00.png	192	192	RGBA
assets/sprites/enemies/enemy_roman_attack_down_01.png	192	192	RGBA
assets/sprites/enemies/enemy_roman_attack_down_02.png	192	192	RGBA
assets/sprites/enemies/enemy_roman_attack_down_03.png	192	192	RGBA
assets/sprites/enemies/enemy_roman_down_00.png	192	192	RGBA
assets/sprites/enemies/enemy_roman_down_01.png	192	192	RGBA
assets/sprites/enemies/enemy_roman_idle_down_00.png	192	192	RGBA
assets/sprites/enemies/enemy_roman_idle_down_01.png	192	192	RGBA
assets/sprites/enemies/enemy_roman_move_down_00.png	192	192	RGBA
assets/sprites/enemies/enemy_roman_move_down_01.png	192	192	RGBA
assets/sprites/enemies/enemy_roman_move_down_02.png	192	192	RGBA
assets/sprites/enemies/enemy_roman_move_down_03.png	192	192	RGBA
assets/sprites/enemies/enemy_roman_skill_down_00.png	192	192	RGBA
assets/sprites/enemies/enemy_roman_skill_down_01.png	192	192	RGBA
assets/sprites/enemies/enemy_roman_skill_down_02.png	192	192	RGBA
assets/sprites/enemies/enemy_roman_skill_down_03.png	192	192	RGBA
assets/sprites/enemies/enemy_royal_field_medic_attack_down_00.png	192	192	RGBA
assets/sprites/enemies/enemy_royal_field_medic_attack_down_01.png	192	192	RGBA
assets/sprites/enemies/enemy_royal_field_medic_attack_down_02.png	192	192	RGBA
assets/sprites/enemies/enemy_royal_field_medic_attack_down_03.png	192	192	RGBA
assets/sprites/enemies/enemy_royal_field_medic_down_00.png	192	192	RGBA
assets/sprites/enemies/enemy_royal_field_medic_down_01.png	192	192	RGBA
assets/sprites/enemies/enemy_royal_field_medic_idle_down_00.png	192	192	RGBA
assets/sprites/enemies/enemy_royal_field_medic_idle_down_01.png	192	192	RGBA
assets/sprites/enemies/enemy_royal_field_medic_move_down_00.png	192	192	RGBA
assets/sprites/enemies/enemy_royal_field_medic_move_down_01.png	192	192	RGBA
assets/sprites/enemies/enemy_royal_field_medic_move_down_02.png	192	192	RGBA
assets/sprites/enemies/enemy_royal_field_medic_move_down_03.png	192	192	RGBA
assets/sprites/enemies/enemy_royal_field_medic_skill_down_00.png	192	192	RGBA
assets/sprites/enemies/enemy_royal_field_medic_skill_down_01.png	192	192	RGBA
assets/sprites/enemies/enemy_royal_field_medic_skill_down_02.png	192	192	RGBA
assets/sprites/enemies/enemy_royal_field_medic_skill_down_03.png	192	192	RGBA
assets/sprites/enemies/enemy_royal_scout_attack_down_00.png	192	192	RGBA
assets/sprites/enemies/enemy_royal_scout_attack_down_01.png	192	192	RGBA
assets/sprites/enemies/enemy_royal_scout_attack_down_02.png	192	192	RGBA
assets/sprites/enemies/enemy_royal_scout_attack_down_03.png	192	192	RGBA
assets/sprites/enemies/enemy_royal_scout_down_00.png	192	192	RGBA
assets/sprites/enemies/enemy_royal_scout_down_01.png	192	192	RGBA
assets/sprites/enemies/enemy_royal_scout_idle_down_00.png	192	192	RGBA
assets/sprites/enemies/enemy_royal_scout_idle_down_01.png	192	192	RGBA
assets/sprites/enemies/enemy_royal_scout_move_down_00.png	192	192	RGBA
assets/sprites/enemies/enemy_royal_scout_move_down_01.png	192	192	RGBA
assets/sprites/enemies/enemy_royal_scout_move_down_02.png	192	192	RGBA
assets/sprites/enemies/enemy_royal_scout_move_down_03.png	192	192	RGBA
assets/sprites/enemies/enemy_royal_scout_skill_down_00.png	192	192	RGBA
assets/sprites/enemies/enemy_royal_scout_skill_down_01.png	192	192	RGBA
assets/sprites/enemies/enemy_royal_scout_skill_down_02.png	192	192	RGBA
assets/sprites/enemies/enemy_royal_scout_skill_down_03.png	192	192	RGBA
assets/sprites/enemies/enemy_royal_strategist_evelyn_attack_down_00.png	192	192	RGBA
assets/sprites/enemies/enemy_royal_strategist_evelyn_attack_down_01.png	192	192	RGBA
assets/sprites/enemies/enemy_royal_strategist_evelyn_attack_down_02.png	192	192	RGBA
assets/sprites/enemies/enemy_royal_strategist_evelyn_attack_down_03.png	192	192	RGBA
assets/sprites/enemies/enemy_royal_strategist_evelyn_down_00.png	192	192	RGBA
assets/sprites/enemies/enemy_royal_strategist_evelyn_down_01.png	192	192	RGBA
assets/sprites/enemies/enemy_royal_strategist_evelyn_idle_down_00.png	192	192	RGBA
assets/sprites/enemies/enemy_royal_strategist_evelyn_idle_down_01.png	192	192	RGBA
assets/sprites/enemies/enemy_royal_strategist_evelyn_move_down_00.png	192	192	RGBA
assets/sprites/enemies/enemy_royal_strategist_evelyn_move_down_01.png	192	192	RGBA
assets/sprites/enemies/enemy_royal_strategist_evelyn_move_down_02.png	192	192	RGBA
assets/sprites/enemies/enemy_royal_strategist_evelyn_move_down_03.png	192	192	RGBA
assets/sprites/enemies/enemy_royal_strategist_evelyn_skill_down_00.png	192	192	RGBA
assets/sprites/enemies/enemy_royal_strategist_evelyn_skill_down_01.png	192	192	RGBA
assets/sprites/enemies/enemy_royal_strategist_evelyn_skill_down_02.png	192	192	RGBA
assets/sprites/enemies/enemy_royal_strategist_evelyn_skill_down_03.png	192	192	RGBA
assets/sprites/enemies/enemy_selen_paladin_attack_down_00.png	192	192	RGBA
assets/sprites/enemies/enemy_selen_paladin_attack_down_01.png	192	192	RGBA
assets/sprites/enemies/enemy_selen_paladin_attack_down_02.png	192	192	RGBA
assets/sprites/enemies/enemy_selen_paladin_attack_down_03.png	192	192	RGBA
assets/sprites/enemies/enemy_selen_paladin_down_00.png	192	192	RGBA
assets/sprites/enemies/enemy_selen_paladin_down_01.png	192	192	RGBA
assets/sprites/enemies/enemy_selen_paladin_idle_down_00.png	192	192	RGBA
assets/sprites/enemies/enemy_selen_paladin_idle_down_01.png	192	192	RGBA
assets/sprites/enemies/enemy_selen_paladin_move_down_00.png	192	192	RGBA
assets/sprites/enemies/enemy_selen_paladin_move_down_01.png	192	192	RGBA
assets/sprites/enemies/enemy_selen_paladin_move_down_02.png	192	192	RGBA
assets/sprites/enemies/enemy_selen_paladin_move_down_03.png	192	192	RGBA
assets/sprites/enemies/enemy_selen_paladin_skill_down_00.png	192	192	RGBA
assets/sprites/enemies/enemy_selen_paladin_skill_down_01.png	192	192	RGBA
assets/sprites/enemies/enemy_selen_paladin_skill_down_02.png	192	192	RGBA
assets/sprites/enemies/enemy_selen_paladin_skill_down_03.png	192	192	RGBA
assets/sprites/enemies/enemy_shieldbearer_attack_down_00.png	192	192	RGBA
assets/sprites/enemies/enemy_shieldbearer_attack_down_01.png	192	192	RGBA
assets/sprites/enemies/enemy_shieldbearer_attack_down_02.png	192	192	RGBA
assets/sprites/enemies/enemy_shieldbearer_attack_down_03.png	192	192	RGBA
assets/sprites/enemies/enemy_shieldbearer_down_00.png	192	192	RGBA
assets/sprites/enemies/enemy_shieldbearer_down_01.png	192	192	RGBA
assets/sprites/enemies/enemy_shieldbearer_idle_down_00.png	192	192	RGBA
assets/sprites/enemies/enemy_shieldbearer_idle_down_01.png	192	192	RGBA
assets/sprites/enemies/enemy_shieldbearer_move_down_00.png	192	192	RGBA
assets/sprites/enemies/enemy_shieldbearer_move_down_01.png	192	192	RGBA
assets/sprites/enemies/enemy_shieldbearer_move_down_02.png	192	192	RGBA
assets/sprites/enemies/enemy_shieldbearer_move_down_03.png	192	192	RGBA
assets/sprites/enemies/enemy_shieldbearer_skill_down_00.png	192	192	RGBA
assets/sprites/enemies/enemy_shieldbearer_skill_down_01.png	192	192	RGBA
assets/sprites/enemies/enemy_shieldbearer_skill_down_02.png	192	192	RGBA
assets/sprites/enemies/enemy_shieldbearer_skill_down_03.png	192	192	RGBA
assets/sprites/enemies/enemy_supply_raider_attack_down_00.png	192	192	RGBA
assets/sprites/enemies/enemy_supply_raider_attack_down_01.png	192	192	RGBA
assets/sprites/enemies/enemy_supply_raider_attack_down_02.png	192	192	RGBA
assets/sprites/enemies/enemy_supply_raider_attack_down_03.png	192	192	RGBA
assets/sprites/enemies/enemy_supply_raider_down_00.png	192	192	RGBA
assets/sprites/enemies/enemy_supply_raider_down_01.png	192	192	RGBA
assets/sprites/enemies/enemy_supply_raider_idle_down_00.png	192	192	RGBA
assets/sprites/enemies/enemy_supply_raider_idle_down_01.png	192	192	RGBA
assets/sprites/enemies/enemy_supply_raider_move_down_00.png	192	192	RGBA
assets/sprites/enemies/enemy_supply_raider_move_down_01.png	192	192	RGBA
assets/sprites/enemies/enemy_supply_raider_move_down_02.png	192	192	RGBA
assets/sprites/enemies/enemy_supply_raider_move_down_03.png	192	192	RGBA
assets/sprites/enemies/enemy_supply_raider_skill_down_00.png	192	192	RGBA
assets/sprites/enemies/enemy_supply_raider_skill_down_01.png	192	192	RGBA
assets/sprites/enemies/enemy_supply_raider_skill_down_02.png	192	192	RGBA
assets/sprites/enemies/enemy_supply_raider_skill_down_03.png	192	192	RGBA
assets/sprites/enemies/enemy_thief_attack_down_00.png	192	192	RGBA
assets/sprites/enemies/enemy_thief_attack_down_01.png	192	192	RGBA
assets/sprites/enemies/enemy_thief_attack_down_02.png	192	192	RGBA
assets/sprites/enemies/enemy_thief_attack_down_03.png	192	192	RGBA
assets/sprites/enemies/enemy_thief_down_00.png	192	192	RGBA
assets/sprites/enemies/enemy_thief_down_01.png	192	192	RGBA
assets/sprites/enemies/enemy_thief_idle_down_00.png	192	192	RGBA
assets/sprites/enemies/enemy_thief_idle_down_01.png	192	192	RGBA
assets/sprites/enemies/enemy_thief_move_down_00.png	192	192	RGBA
assets/sprites/enemies/enemy_thief_move_down_01.png	192	192	RGBA
assets/sprites/enemies/enemy_thief_move_down_02.png	192	192	RGBA
assets/sprites/enemies/enemy_thief_move_down_03.png	192	192	RGBA
assets/sprites/enemies/enemy_thief_skill_down_00.png	192	192	RGBA
assets/sprites/enemies/enemy_thief_skill_down_01.png	192	192	RGBA
assets/sprites/enemies/enemy_thief_skill_down_02.png	192	192	RGBA
assets/sprites/enemies/enemy_thief_skill_down_03.png	192	192	RGBA
assets/sprites/enemies/enemy_trainee_hero_attack_down_00.png	192	192	RGBA
assets/sprites/enemies/enemy_trainee_hero_attack_down_01.png	192	192	RGBA
assets/sprites/enemies/enemy_trainee_hero_attack_down_02.png	192	192	RGBA
assets/sprites/enemies/enemy_trainee_hero_attack_down_03.png	192	192	RGBA
assets/sprites/enemies/enemy_trainee_hero_down_00.png	192	192	RGBA
assets/sprites/enemies/enemy_trainee_hero_down_01.png	192	192	RGBA
assets/sprites/enemies/enemy_trainee_hero_idle_down_00.png	192	192	RGBA
assets/sprites/enemies/enemy_trainee_hero_idle_down_01.png	192	192	RGBA
assets/sprites/enemies/enemy_trainee_hero_move_down_00.png	192	192	RGBA
assets/sprites/enemies/enemy_trainee_hero_move_down_01.png	192	192	RGBA
assets/sprites/enemies/enemy_trainee_hero_move_down_02.png	192	192	RGBA
assets/sprites/enemies/enemy_trainee_hero_move_down_03.png	192	192	RGBA
assets/sprites/enemies/enemy_trainee_hero_skill_down_00.png	192	192	RGBA
assets/sprites/enemies/enemy_trainee_hero_skill_down_01.png	192	192	RGBA
assets/sprites/enemies/enemy_trainee_hero_skill_down_02.png	192	192	RGBA
assets/sprites/enemies/enemy_trainee_hero_skill_down_03.png	192	192	RGBA
assets/sprites/enemies/enemy_ward_breaker_attack_down_00.png	192	192	RGBA
assets/sprites/enemies/enemy_ward_breaker_attack_down_01.png	192	192	RGBA
assets/sprites/enemies/enemy_ward_breaker_attack_down_02.png	192	192	RGBA
assets/sprites/enemies/enemy_ward_breaker_attack_down_03.png	192	192	RGBA
assets/sprites/enemies/enemy_ward_breaker_down_00.png	192	192	RGBA
assets/sprites/enemies/enemy_ward_breaker_down_01.png	192	192	RGBA
assets/sprites/enemies/enemy_ward_breaker_idle_down_00.png	192	192	RGBA
assets/sprites/enemies/enemy_ward_breaker_idle_down_01.png	192	192	RGBA
assets/sprites/enemies/enemy_ward_breaker_move_down_00.png	192	192	RGBA
assets/sprites/enemies/enemy_ward_breaker_move_down_01.png	192	192	RGBA
assets/sprites/enemies/enemy_ward_breaker_move_down_02.png	192	192	RGBA
assets/sprites/enemies/enemy_ward_breaker_move_down_03.png	192	192	RGBA
assets/sprites/enemies/enemy_ward_breaker_skill_down_00.png	192	192	RGBA
assets/sprites/enemies/enemy_ward_breaker_skill_down_01.png	192	192	RGBA
assets/sprites/enemies/enemy_ward_breaker_skill_down_02.png	192	192	RGBA
assets/sprites/enemies/enemy_ward_breaker_skill_down_03.png	192	192	RGBA
assets/sprites/enemies/update3_atlas/enemy_bounty_tracker_sheet.png	1254	1254	RGB
assets/sprites/enemies/update3_atlas/enemy_choir_exorcist_sheet.png	1254	1254	RGB
assets/sprites/enemies/update3_atlas/enemy_combat_alchemist_sheet.png	1254	1254	RGB
assets/sprites/enemies/update3_atlas/enemy_ledger_binder_sheet.png	1254	1254	RGB
assets/sprites/enemies/update3_atlas/enemy_reliquary_guard_sheet.png	1254	1254	RGB
assets/sprites/enemies/update3_atlas/enemy_seal_chainbearer_sheet.png	1254	1254	RGB
assets/sprites/enemies/update4/rivals/enemy_rival_brassa_council_champion_sheet.png	768	768	RGBA
assets/sprites/enemies/update4/rivals/enemy_rival_mirella_council_champion_sheet.png	768	768	RGBA
assets/sprites/enemies/update4/rivals/enemy_rival_vesper_council_champion_sheet.png	768	768	RGBA
assets/sprites/hearts/heart_props_sheet.png	1448	1086	RGB
assets/sprites/monsters/monster_armored_beetle_attack_down_00.png	192	192	RGBA
assets/sprites/monsters/monster_armored_beetle_attack_down_01.png	192	192	RGBA
assets/sprites/monsters/monster_armored_beetle_attack_down_02.png	192	192	RGBA
assets/sprites/monsters/monster_armored_beetle_attack_down_03.png	192	192	RGBA
assets/sprites/monsters/monster_armored_beetle_down_00.png	192	192	RGBA
assets/sprites/monsters/monster_armored_beetle_down_01.png	192	192	RGBA
assets/sprites/monsters/monster_armored_beetle_idle_down_00.png	192	192	RGBA
assets/sprites/monsters/monster_armored_beetle_idle_down_01.png	192	192	RGBA
assets/sprites/monsters/monster_armored_beetle_move_down_00.png	192	192	RGBA
assets/sprites/monsters/monster_armored_beetle_move_down_01.png	192	192	RGBA
assets/sprites/monsters/monster_armored_beetle_move_down_02.png	192	192	RGBA
assets/sprites/monsters/monster_armored_beetle_move_down_03.png	192	192	RGBA
assets/sprites/monsters/monster_armored_beetle_skill_down_00.png	192	192	RGBA
assets/sprites/monsters/monster_armored_beetle_skill_down_01.png	192	192	RGBA
assets/sprites/monsters/monster_armored_beetle_skill_down_02.png	192	192	RGBA
assets/sprites/monsters/monster_armored_beetle_skill_down_03.png	192	192	RGBA
assets/sprites/monsters/monster_ghost_housemaid_attack_down_00.png	192	192	RGBA
assets/sprites/monsters/monster_ghost_housemaid_attack_down_01.png	192	192	RGBA
assets/sprites/monsters/monster_ghost_housemaid_attack_down_02.png	192	192	RGBA
assets/sprites/monsters/monster_ghost_housemaid_attack_down_03.png	192	192	RGBA
assets/sprites/monsters/monster_ghost_housemaid_down_00.png	192	192	RGBA
assets/sprites/monsters/monster_ghost_housemaid_down_01.png	192	192	RGBA
assets/sprites/monsters/monster_ghost_housemaid_idle_down_00.png	192	192	RGBA
assets/sprites/monsters/monster_ghost_housemaid_idle_down_01.png	192	192	RGBA
assets/sprites/monsters/monster_ghost_housemaid_move_down_00.png	192	192	RGBA
assets/sprites/monsters/monster_ghost_housemaid_move_down_01.png	192	192	RGBA
assets/sprites/monsters/monster_ghost_housemaid_move_down_02.png	192	192	RGBA
assets/sprites/monsters/monster_ghost_housemaid_move_down_03.png	192	192	RGBA
assets/sprites/monsters/monster_ghost_housemaid_skill_down_00.png	192	192	RGBA
assets/sprites/monsters/monster_ghost_housemaid_skill_down_01.png	192	192	RGBA
assets/sprites/monsters/monster_ghost_housemaid_skill_down_02.png	192	192	RGBA
assets/sprites/monsters/monster_ghost_housemaid_skill_down_03.png	192	192	RGBA
assets/sprites/monsters/monster_goblin_ambush_captain_attack_down_00.png	192	192	RGBA
assets/sprites/monsters/monster_goblin_ambush_captain_attack_down_01.png	192	192	RGBA
assets/sprites/monsters/monster_goblin_ambush_captain_attack_down_02.png	192	192	RGBA
assets/sprites/monsters/monster_goblin_ambush_captain_attack_down_03.png	192	192	RGBA
assets/sprites/monsters/monster_goblin_ambush_captain_down_00.png	192	192	RGBA
assets/sprites/monsters/monster_goblin_ambush_captain_down_01.png	192	192	RGBA
assets/sprites/monsters/monster_goblin_ambush_captain_idle_down_00.png	192	192	RGBA
assets/sprites/monsters/monster_goblin_ambush_captain_idle_down_01.png	192	192	RGBA
assets/sprites/monsters/monster_goblin_ambush_captain_move_down_00.png	192	192	RGBA
assets/sprites/monsters/monster_goblin_ambush_captain_move_down_01.png	192	192	RGBA
assets/sprites/monsters/monster_goblin_ambush_captain_move_down_02.png	192	192	RGBA
assets/sprites/monsters/monster_goblin_ambush_captain_move_down_03.png	192	192	RGBA
assets/sprites/monsters/monster_goblin_ambush_captain_skill_down_00.png	192	192	RGBA
assets/sprites/monsters/monster_goblin_ambush_captain_skill_down_01.png	192	192	RGBA
assets/sprites/monsters/monster_goblin_ambush_captain_skill_down_02.png	192	192	RGBA
assets/sprites/monsters/monster_goblin_ambush_captain_skill_down_03.png	192	192	RGBA
assets/sprites/monsters/monster_goblin_attack_down_00.png	192	192	RGBA
assets/sprites/monsters/monster_goblin_attack_down_01.png	192	192	RGBA
assets/sprites/monsters/monster_goblin_attack_down_02.png	192	192	RGBA
assets/sprites/monsters/monster_goblin_attack_down_03.png	192	192	RGBA
assets/sprites/monsters/monster_goblin_down_00.png	192	192	RGBA
assets/sprites/monsters/monster_goblin_down_01.png	192	192	RGBA
assets/sprites/monsters/monster_goblin_idle_down_00.png	192	192	RGBA
assets/sprites/monsters/monster_goblin_idle_down_01.png	192	192	RGBA
assets/sprites/monsters/monster_goblin_move_down_00.png	192	192	RGBA
assets/sprites/monsters/monster_goblin_move_down_01.png	192	192	RGBA
assets/sprites/monsters/monster_goblin_move_down_02.png	192	192	RGBA
assets/sprites/monsters/monster_goblin_move_down_03.png	192	192	RGBA
assets/sprites/monsters/monster_goblin_skill_down_00.png	192	192	RGBA
assets/sprites/monsters/monster_goblin_skill_down_01.png	192	192	RGBA
assets/sprites/monsters/monster_goblin_skill_down_02.png	192	192	RGBA
assets/sprites/monsters/monster_goblin_skill_down_03.png	192	192	RGBA
assets/sprites/monsters/monster_goblin_vault_keeper_attack_down_00.png	192	192	RGBA
assets/sprites/monsters/monster_goblin_vault_keeper_attack_down_01.png	192	192	RGBA
assets/sprites/monsters/monster_goblin_vault_keeper_attack_down_02.png	192	192	RGBA
assets/sprites/monsters/monster_goblin_vault_keeper_attack_down_03.png	192	192	RGBA
assets/sprites/monsters/monster_goblin_vault_keeper_down_00.png	192	192	RGBA
assets/sprites/monsters/monster_goblin_vault_keeper_down_01.png	192	192	RGBA
assets/sprites/monsters/monster_goblin_vault_keeper_idle_down_00.png	192	192	RGBA
assets/sprites/monsters/monster_goblin_vault_keeper_idle_down_01.png	192	192	RGBA
assets/sprites/monsters/monster_goblin_vault_keeper_move_down_00.png	192	192	RGBA
assets/sprites/monsters/monster_goblin_vault_keeper_move_down_01.png	192	192	RGBA
assets/sprites/monsters/monster_goblin_vault_keeper_move_down_02.png	192	192	RGBA
assets/sprites/monsters/monster_goblin_vault_keeper_move_down_03.png	192	192	RGBA
assets/sprites/monsters/monster_goblin_vault_keeper_skill_down_00.png	192	192	RGBA
assets/sprites/monsters/monster_goblin_vault_keeper_skill_down_01.png	192	192	RGBA
assets/sprites/monsters/monster_goblin_vault_keeper_skill_down_02.png	192	192	RGBA
assets/sprites/monsters/monster_goblin_vault_keeper_skill_down_03.png	192	192	RGBA
assets/sprites/monsters/monster_graveyard_hound_attack_down_00.png	192	192	RGBA
assets/sprites/monsters/monster_graveyard_hound_attack_down_01.png	192	192	RGBA
assets/sprites/monsters/monster_graveyard_hound_attack_down_02.png	192	192	RGBA
assets/sprites/monsters/monster_graveyard_hound_attack_down_03.png	192	192	RGBA
assets/sprites/monsters/monster_graveyard_hound_down_00.png	192	192	RGBA
assets/sprites/monsters/monster_graveyard_hound_down_01.png	192	192	RGBA
assets/sprites/monsters/monster_graveyard_hound_idle_down_00.png	192	192	RGBA
assets/sprites/monsters/monster_graveyard_hound_idle_down_01.png	192	192	RGBA
assets/sprites/monsters/monster_graveyard_hound_move_down_00.png	192	192	RGBA
assets/sprites/monsters/monster_graveyard_hound_move_down_01.png	192	192	RGBA
assets/sprites/monsters/monster_graveyard_hound_move_down_02.png	192	192	RGBA
assets/sprites/monsters/monster_graveyard_hound_move_down_03.png	192	192	RGBA
assets/sprites/monsters/monster_graveyard_hound_skill_down_00.png	192	192	RGBA
assets/sprites/monsters/monster_graveyard_hound_skill_down_01.png	192	192	RGBA
assets/sprites/monsters/monster_graveyard_hound_skill_down_02.png	192	192	RGBA
assets/sprites/monsters/monster_graveyard_hound_skill_down_03.png	192	192	RGBA
assets/sprites/monsters/monster_imp_attack_down_00.png	192	192	RGBA
assets/sprites/monsters/monster_imp_attack_down_01.png	192	192	RGBA
assets/sprites/monsters/monster_imp_attack_down_02.png	192	192	RGBA
assets/sprites/monsters/monster_imp_attack_down_03.png	192	192	RGBA
assets/sprites/monsters/monster_imp_down_00.png	192	192	RGBA
assets/sprites/monsters/monster_imp_down_01.png	192	192	RGBA
assets/sprites/monsters/monster_imp_ember_shaman_attack_down_00.png	192	192	RGBA
assets/sprites/monsters/monster_imp_ember_shaman_attack_down_01.png	192	192	RGBA
assets/sprites/monsters/monster_imp_ember_shaman_attack_down_02.png	192	192	RGBA
assets/sprites/monsters/monster_imp_ember_shaman_attack_down_03.png	192	192	RGBA
assets/sprites/monsters/monster_imp_ember_shaman_down_00.png	192	192	RGBA
assets/sprites/monsters/monster_imp_ember_shaman_down_01.png	192	192	RGBA
assets/sprites/monsters/monster_imp_ember_shaman_idle_down_00.png	192	192	RGBA
assets/sprites/monsters/monster_imp_ember_shaman_idle_down_01.png	192	192	RGBA
assets/sprites/monsters/monster_imp_ember_shaman_move_down_00.png	192	192	RGBA
assets/sprites/monsters/monster_imp_ember_shaman_move_down_01.png	192	192	RGBA
assets/sprites/monsters/monster_imp_ember_shaman_move_down_02.png	192	192	RGBA
assets/sprites/monsters/monster_imp_ember_shaman_move_down_03.png	192	192	RGBA
assets/sprites/monsters/monster_imp_ember_shaman_skill_down_00.png	192	192	RGBA
assets/sprites/monsters/monster_imp_ember_shaman_skill_down_01.png	192	192	RGBA
assets/sprites/monsters/monster_imp_ember_shaman_skill_down_02.png	192	192	RGBA
assets/sprites/monsters/monster_imp_ember_shaman_skill_down_03.png	192	192	RGBA
assets/sprites/monsters/monster_imp_flame_adept_attack_down_00.png	192	192	RGBA
assets/sprites/monsters/monster_imp_flame_adept_attack_down_01.png	192	192	RGBA
assets/sprites/monsters/monster_imp_flame_adept_attack_down_02.png	192	192	RGBA
assets/sprites/monsters/monster_imp_flame_adept_attack_down_03.png	192	192	RGBA
assets/sprites/monsters/monster_imp_flame_adept_down_00.png	192	192	RGBA
assets/sprites/monsters/monster_imp_flame_adept_down_01.png	192	192	RGBA
assets/sprites/monsters/monster_imp_flame_adept_idle_down_00.png	192	192	RGBA
assets/sprites/monsters/monster_imp_flame_adept_idle_down_01.png	192	192	RGBA
assets/sprites/monsters/monster_imp_flame_adept_move_down_00.png	192	192	RGBA
assets/sprites/monsters/monster_imp_flame_adept_move_down_01.png	192	192	RGBA
assets/sprites/monsters/monster_imp_flame_adept_move_down_02.png	192	192	RGBA
assets/sprites/monsters/monster_imp_flame_adept_move_down_03.png	192	192	RGBA
assets/sprites/monsters/monster_imp_flame_adept_skill_down_00.png	192	192	RGBA
assets/sprites/monsters/monster_imp_flame_adept_skill_down_01.png	192	192	RGBA
assets/sprites/monsters/monster_imp_flame_adept_skill_down_02.png	192	192	RGBA
assets/sprites/monsters/monster_imp_flame_adept_skill_down_03.png	192	192	RGBA
assets/sprites/monsters/monster_imp_idle_down_00.png	192	192	RGBA
assets/sprites/monsters/monster_imp_idle_down_01.png	192	192	RGBA
assets/sprites/monsters/monster_imp_move_down_00.png	192	192	RGBA
assets/sprites/monsters/monster_imp_move_down_01.png	192	192	RGBA
assets/sprites/monsters/monster_imp_move_down_02.png	192	192	RGBA
assets/sprites/monsters/monster_imp_move_down_03.png	192	192	RGBA
assets/sprites/monsters/monster_imp_skill_down_00.png	192	192	RGBA
assets/sprites/monsters/monster_imp_skill_down_01.png	192	192	RGBA
assets/sprites/monsters/monster_imp_skill_down_02.png	192	192	RGBA
assets/sprites/monsters/monster_imp_skill_down_03.png	192	192	RGBA
assets/sprites/monsters/monster_kobold_scout_idle_down_00.png	1254	1254	RGB
assets/sprites/monsters/monster_slime_attack_down_00.png	192	192	RGBA
assets/sprites/monsters/monster_slime_attack_down_01.png	192	192	RGBA
assets/sprites/monsters/monster_slime_attack_down_02.png	192	192	RGBA
assets/sprites/monsters/monster_slime_attack_down_03.png	192	192	RGBA
assets/sprites/monsters/monster_slime_down_00.png	192	192	RGBA
assets/sprites/monsters/monster_slime_down_01.png	192	192	RGBA
assets/sprites/monsters/monster_slime_gate_bulwark_attack_down_00.png	192	192	RGBA
assets/sprites/monsters/monster_slime_gate_bulwark_attack_down_01.png	192	192	RGBA
assets/sprites/monsters/monster_slime_gate_bulwark_attack_down_02.png	192	192	RGBA
assets/sprites/monsters/monster_slime_gate_bulwark_attack_down_03.png	192	192	RGBA
assets/sprites/monsters/monster_slime_gate_bulwark_down_00.png	192	192	RGBA
assets/sprites/monsters/monster_slime_gate_bulwark_down_01.png	192	192	RGBA
assets/sprites/monsters/monster_slime_gate_bulwark_idle_down_00.png	192	192	RGBA
assets/sprites/monsters/monster_slime_gate_bulwark_idle_down_01.png	192	192	RGBA
assets/sprites/monsters/monster_slime_gate_bulwark_move_down_00.png	192	192	RGBA
assets/sprites/monsters/monster_slime_gate_bulwark_move_down_01.png	192	192	RGBA
assets/sprites/monsters/monster_slime_gate_bulwark_move_down_02.png	192	192	RGBA
assets/sprites/monsters/monster_slime_gate_bulwark_move_down_03.png	192	192	RGBA
assets/sprites/monsters/monster_slime_gate_bulwark_skill_down_00.png	192	192	RGBA
assets/sprites/monsters/monster_slime_gate_bulwark_skill_down_01.png	192	192	RGBA
assets/sprites/monsters/monster_slime_gate_bulwark_skill_down_02.png	192	192	RGBA
assets/sprites/monsters/monster_slime_gate_bulwark_skill_down_03.png	192	192	RGBA
assets/sprites/monsters/monster_slime_idle_down_00.png	192	192	RGBA
assets/sprites/monsters/monster_slime_idle_down_01.png	192	192	RGBA
assets/sprites/monsters/monster_slime_move_down_00.png	192	192	RGBA
assets/sprites/monsters/monster_slime_move_down_01.png	192	192	RGBA
assets/sprites/monsters/monster_slime_move_down_02.png	192	192	RGBA
assets/sprites/monsters/monster_slime_move_down_03.png	192	192	RGBA
assets/sprites/monsters/monster_slime_rescue_alchemy_gel_attack_down_00.png	192	192	RGBA
assets/sprites/monsters/monster_slime_rescue_alchemy_gel_attack_down_01.png	192	192	RGBA
assets/sprites/monsters/monster_slime_rescue_alchemy_gel_attack_down_02.png	192	192	RGBA
assets/sprites/monsters/monster_slime_rescue_alchemy_gel_attack_down_03.png	192	192	RGBA
assets/sprites/monsters/monster_slime_rescue_alchemy_gel_down_00.png	192	192	RGBA
assets/sprites/monsters/monster_slime_rescue_alchemy_gel_down_01.png	192	192	RGBA
assets/sprites/monsters/monster_slime_rescue_alchemy_gel_idle_down_00.png	192	192	RGBA
assets/sprites/monsters/monster_slime_rescue_alchemy_gel_idle_down_01.png	192	192	RGBA
assets/sprites/monsters/monster_slime_rescue_alchemy_gel_move_down_00.png	192	192	RGBA
assets/sprites/monsters/monster_slime_rescue_alchemy_gel_move_down_01.png	192	192	RGBA
assets/sprites/monsters/monster_slime_rescue_alchemy_gel_move_down_02.png	192	192	RGBA
assets/sprites/monsters/monster_slime_rescue_alchemy_gel_move_down_03.png	192	192	RGBA
assets/sprites/monsters/monster_slime_rescue_alchemy_gel_skill_down_00.png	192	192	RGBA
assets/sprites/monsters/monster_slime_rescue_alchemy_gel_skill_down_01.png	192	192	RGBA
assets/sprites/monsters/monster_slime_rescue_alchemy_gel_skill_down_02.png	192	192	RGBA
assets/sprites/monsters/monster_slime_rescue_alchemy_gel_skill_down_03.png	192	192	RGBA
assets/sprites/monsters/monster_slime_skill_down_00.png	192	192	RGBA
assets/sprites/monsters/monster_slime_skill_down_01.png	192	192	RGBA
assets/sprites/monsters/monster_slime_skill_down_02.png	192	192	RGBA
assets/sprites/monsters/monster_slime_skill_down_03.png	192	192	RGBA
assets/sprites/monsters/update4/crowns/monster_goblin_crown_marshal_sheet.png	768	768	RGBA
assets/sprites/monsters/update4/crowns/monster_imp_crown_flame_sage_sheet.png	768	768	RGBA
assets/sprites/monsters/update4/crowns/monster_mori_crown_priest_sheet.png	768	768	RGBA
assets/sprites/monsters/update4/crowns/monster_popo_crown_courier_sheet.png	768	768	RGBA
assets/sprites/monsters/update4/crowns/monster_slime_crown_bastion_sheet.png	768	768	RGBA
assets/sprites/monsters/update4/crowns/monster_toktok_crown_armorer_sheet.png	768	768	RGBA
assets/sprites/monsters/update4/monster_bat_courier_sheet.png	768	768	RGBA
assets/sprites/monsters/update4/monster_spider_tailor_sheet.png	768	768	RGBA
assets/sprites/portraits/campaign/CHR_HERO_LEON_OFFICIAL_portrait_final.png	1254	1254	RGB
assets/sprites/portraits/campaign/CHR_ROMAN_portrait_command.png	1254	1254	RGB
assets/sprites/portraits/enemies/CHR_EVELYN_portrait.png	256	256	RGBA
assets/sprites/portraits/enemies/CHR_SHIELDBEARER_portrait.png	768	768	RGB
assets/sprites/portraits/evolution/portrait_goblin_ambush_captain.png	1254	1254	RGB
assets/sprites/portraits/evolution/portrait_goblin_ambush_captain_victory.png	1024	1024	RGBA
assets/sprites/portraits/evolution/portrait_goblin_ambush_captain_wounded.png	1024	1024	RGBA
assets/sprites/portraits/evolution/portrait_goblin_vault_keeper.png	1254	1254	RGB
assets/sprites/portraits/evolution/portrait_goblin_vault_keeper_victory.png	1024	1024	RGBA
assets/sprites/portraits/evolution/portrait_goblin_vault_keeper_wounded.png	1024	1024	RGBA
assets/sprites/portraits/evolution/portrait_imp_ember_shaman.png	1254	1254	RGB
assets/sprites/portraits/evolution/portrait_imp_ember_shaman_victory.png	1024	1024	RGBA
assets/sprites/portraits/evolution/portrait_imp_ember_shaman_wounded.png	1024	1024	RGBA
assets/sprites/portraits/evolution/portrait_imp_flame_adept.png	1254	1254	RGB
assets/sprites/portraits/evolution/portrait_imp_flame_adept_victory.png	1024	1024	RGBA
assets/sprites/portraits/evolution/portrait_imp_flame_adept_wounded.png	1024	1024	RGBA
assets/sprites/portraits/evolution/portrait_slime_gate_bulwark.png	1254	1254	RGB
assets/sprites/portraits/evolution/portrait_slime_gate_bulwark_victory.png	1024	1024	RGBA
assets/sprites/portraits/evolution/portrait_slime_gate_bulwark_wounded.png	1024	1024	RGBA
assets/sprites/portraits/evolution/portrait_slime_rescue_alchemy_gel.png	1254	1254	RGB
assets/sprites/portraits/evolution/portrait_slime_rescue_alchemy_gel_victory.png	1024	1024	RGBA
assets/sprites/portraits/evolution/portrait_slime_rescue_alchemy_gel_wounded.png	1024	1024	RGBA
assets/sprites/portraits/onboarding/CHR_BATI_portrait_dry.png	512	512	RGBA
assets/sprites/portraits/onboarding/CHR_BATI_portrait_dry_happy.png	512	512	RGBA
assets/sprites/portraits/onboarding/CHR_BATI_portrait_stern.png	512	512	RGBA
assets/sprites/portraits/onboarding/CHR_BATI_portrait_tutorial.png	512	512	RGBA
assets/sprites/portraits/onboarding/CHR_DARKLORD_PLAYER_portrait_command.png	512	512	RGBA
assets/sprites/portraits/onboarding/CHR_DARKLORD_PLAYER_portrait_flustered.png	512	512	RGBA
assets/sprites/portraits/onboarding/CHR_DARKLORD_PLAYER_portrait_offended.png	512	512	RGBA
assets/sprites/portraits/onboarding/CHR_DARKLORD_PLAYER_portrait_proud.png	512	512	RGBA
assets/sprites/portraits/onboarding/CHR_DARKLORD_PLAYER_portrait_serious.png	512	512	RGBA
assets/sprites/portraits/onboarding/CHR_EXPLORER_MILO_portrait_panic.png	1254	1254	RGB
assets/sprites/portraits/onboarding/CHR_GOB_portrait_eager.png	512	512	RGB
assets/sprites/portraits/onboarding/CHR_GOLDIN_portrait_accounting.png	1254	1254	RGB
assets/sprites/portraits/onboarding/CHR_HERO_LEON_portrait_defeated.png	512	512	RGB
assets/sprites/portraits/onboarding/CHR_HERO_LEON_portrait_determined.png	512	512	RGB
assets/sprites/portraits/onboarding/CHR_HERO_LEON_portrait_flustered.png	512	512	RGB
assets/sprites/portraits/onboarding/CHR_HERO_LEON_portrait_heroic.png	512	512	RGB
assets/sprites/portraits/onboarding/CHR_HERO_LEON_portrait_manual.png	512	512	RGB
assets/sprites/portraits/onboarding/CHR_INVESTIGATOR_IRIS_portrait_inquisitive.png	1254	1254	RGB
assets/sprites/portraits/onboarding/CHR_ROLO_portrait_briefing.png	1254	1254	RGB
assets/sprites/portraits/onboarding/CHR_ROLO_portrait_flustered.png	1254	1254	RGB
assets/sprites/portraits/onboarding/CHR_ROLO_portrait_mischief.png	1254	1254	RGB
assets/sprites/portraits/onboarding/CHR_SELEN_portrait_checklist.png	512	512	RGBA
assets/sprites/portraits/onboarding/CHR_THIEF_NIA_portrait_teasing.png	1254	1254	RGB
assets/sprites/portraits/onboarding/portrait_bati.png	512	512	RGB
assets/sprites/portraits/onboarding/portrait_darklord_player.png	512	512	RGB
assets/sprites/portraits/onboarding/portrait_explorer_milo.png	512	512	RGB
assets/sprites/portraits/onboarding/portrait_gob.png	512	512	RGB
assets/sprites/portraits/onboarding/portrait_goldin.png	512	512	RGB
assets/sprites/portraits/onboarding/portrait_hero_leon.png	512	512	RGB
assets/sprites/portraits/onboarding/portrait_pudding.png	512	512	RGB
assets/sprites/portraits/onboarding/portrait_pynn.png	512	512	RGB
assets/sprites/portraits/onboarding/portrait_rolo.png	1254	1254	RGB
assets/sprites/portraits/onboarding/portrait_sheet_onboarding_core.png	1254	1254	RGB
assets/sprites/portraits/onboarding/portrait_thief_nia.png	512	512	RGB
assets/sprites/portraits/update3/portrait_armored_beetle_base.png	512	512	RGBA
assets/sprites/portraits/update3/portrait_armored_beetle_determined.png	512	512	RGBA
assets/sprites/portraits/update3/portrait_armored_beetle_happy.png	512	512	RGBA
assets/sprites/portraits/update3/portrait_ghost_housemaid_base.png	512	512	RGBA
assets/sprites/portraits/update3/portrait_ghost_housemaid_determined.png	512	512	RGBA
assets/sprites/portraits/update3/portrait_ghost_housemaid_happy.png	512	512	RGBA
assets/sprites/portraits/update3/portrait_graveyard_hound_base.png	512	512	RGBA
assets/sprites/portraits/update3/portrait_graveyard_hound_determined.png	512	512	RGBA
assets/sprites/portraits/update3/portrait_graveyard_hound_happy.png	512	512	RGBA
assets/sprites/portraits/update4/crowns/portrait_goblin_crown_marshal_council.png	512	512	RGBA
assets/sprites/portraits/update4/crowns/portrait_goblin_crown_marshal_victory.png	512	512	RGBA
assets/sprites/portraits/update4/crowns/portrait_imp_crown_flame_sage_council.png	512	512	RGBA
assets/sprites/portraits/update4/crowns/portrait_imp_crown_flame_sage_victory.png	512	512	RGBA
assets/sprites/portraits/update4/crowns/portrait_mori_crown_priest_council.png	512	512	RGBA
assets/sprites/portraits/update4/crowns/portrait_mori_crown_priest_victory.png	512	512	RGBA
assets/sprites/portraits/update4/crowns/portrait_popo_crown_courier_council.png	512	512	RGBA
assets/sprites/portraits/update4/crowns/portrait_popo_crown_courier_victory.png	512	512	RGBA
assets/sprites/portraits/update4/crowns/portrait_slime_crown_bastion_council.png	512	512	RGBA
assets/sprites/portraits/update4/crowns/portrait_slime_crown_bastion_victory.png	512	512	RGBA
assets/sprites/portraits/update4/crowns/portrait_toktok_crown_armorer_council.png	512	512	RGBA
assets/sprites/portraits/update4/crowns/portrait_toktok_crown_armorer_victory.png	512	512	RGBA
assets/sprites/portraits/update4/portrait_bat_courier_base.png	512	512	RGBA
assets/sprites/portraits/update4/portrait_bat_courier_determined.png	512	512	RGBA
assets/sprites/portraits/update4/portrait_bat_courier_happy.png	512	512	RGBA
assets/sprites/portraits/update4/portrait_spider_tailor_base.png	512	512	RGBA
assets/sprites/portraits/update4/portrait_spider_tailor_determined.png	512	512	RGBA
assets/sprites/portraits/update4/portrait_spider_tailor_happy.png	512	512	RGBA
assets/sprites/portraits/update4/rivals/portrait_brassa_challenge.png	512	512	RGBA
assets/sprites/portraits/update4/rivals/portrait_brassa_council.png	512	512	RGBA
assets/sprites/portraits/update4/rivals/portrait_brassa_respect.png	512	512	RGBA
assets/sprites/portraits/update4/rivals/portrait_brassa_victory.png	512	512	RGBA
assets/sprites/portraits/update4/rivals/portrait_mirella_challenge.png	512	512	RGBA
assets/sprites/portraits/update4/rivals/portrait_mirella_council.png	512	512	RGBA
assets/sprites/portraits/update4/rivals/portrait_mirella_respect.png	512	512	RGBA
assets/sprites/portraits/update4/rivals/portrait_mirella_victory.png	512	512	RGBA
assets/sprites/portraits/update4/rivals/portrait_vesper_challenge.png	512	512	RGBA
assets/sprites/portraits/update4/rivals/portrait_vesper_council.png	512	512	RGBA
assets/sprites/portraits/update4/rivals/portrait_vesper_respect.png	512	512	RGBA
assets/sprites/portraits/update4/rivals/portrait_vesper_victory.png	512	512	RGBA
assets/sprites/room_markers/gpt2_room_marker_sheet.png	1536	1024	RGB
assets/sprites/room_markers/marker_barracks_gpt2.png	256	256	RGBA
assets/sprites/room_markers/marker_brazier_passage_gpt2.png	256	256	RGBA
assets/sprites/room_markers/marker_build_slot_gpt2.png	256	256	RGBA
assets/sprites/room_markers/marker_gate_gpt2.png	256	256	RGBA
assets/sprites/room_markers/marker_recovery_nest_gpt2.png	256	256	RGBA
assets/sprites/room_markers/marker_recovery_room_gpt2.png	256	256	RGBA
assets/sprites/room_markers/marker_spike_corridor_gpt2.png	256	256	RGBA
assets/sprites/room_markers/marker_throne_gpt2.png	256	256	RGBA
assets/sprites/room_markers/marker_treasure_gpt2.png	256	256	RGBA
assets/sprites/rooms/prop_barracks_01.png	128	128	RGBA
assets/sprites/rooms/prop_brazier_01.png	128	128	RGBA
assets/sprites/rooms/prop_build_slot_01.png	128	128	RGBA
assets/sprites/rooms/prop_gate_01.png	128	128	RGBA
assets/sprites/rooms/prop_recovery_nest_01.png	128	128	RGBA
assets/sprites/rooms/prop_spike_floor_01.png	128	128	RGBA
assets/sprites/rooms/prop_throne_01.png	128	128	RGBA
assets/sprites/rooms/prop_treasure_pile_01.png	128	128	RGBA
assets/sprites/rooms/prop_watch_post_01.png	128	128	RGBA
assets/sprites/tiles/tile_cave_floor_01.png	64	64	RGB
assets/sprites/tiles/tile_cave_wall_top_01.png	64	64	RGB
assets/sprites/tiles/tile_spike_floor_01.png	64	64	RGB
assets/sprites/ui/evolution/badge_goblin_ambush_captain.png	128	128	RGBA
assets/sprites/ui/evolution/badge_goblin_vault_keeper.png	128	128	RGBA
assets/sprites/ui/evolution/badge_imp_ember_shaman.png	128	128	RGBA
assets/sprites/ui/evolution/badge_imp_flame_adept.png	128	128	RGBA
assets/sprites/ui/evolution/badge_slime_gate_bulwark.png	128	128	RGBA
assets/sprites/ui/evolution/badge_slime_rescue_alchemy_gel.png	128	128	RGBA
assets/sprites/ui/legacy/ui_icon_bond.png	128	128	RGBA
assets/sprites/ui/legacy/ui_icon_memory.png	128	128	RGBA
assets/sprites/ui/legacy/ui_icon_style.png	128	128	RGBA
assets/sprites/ui/skills/skill_false_footprints.png	128	128	RGBA
assets/sprites/ui/skills/skill_fireball.png	128	128	RGBA
assets/sprites/ui/skills/skill_flame_zone.png	128	128	RGBA
assets/sprites/ui/skills/skill_hold_corridor.png	128	128	RGBA
assets/sprites/ui/skills/skill_loot_instinct.png	128	128	RGBA
assets/sprites/ui/skills/skill_quick_slash.png	128	128	RGBA
assets/sprites/ui/skills/skill_rumor_boost.png	128	128	RGBA
assets/sprites/ui/skills/skill_slime_shield.png	128	128	RGBA
assets/sprites/ui/ui_icon_attack.png	128	128	RGBA
assets/sprites/ui/ui_icon_direct_control.png	128	128	RGBA
assets/sprites/ui/ui_icon_food.png	128	128	RGBA
assets/sprites/ui/ui_icon_food_imagen2.png	272	272	RGBA
assets/sprites/ui/ui_icon_gold.png	128	128	RGBA
assets/sprites/ui/ui_icon_gold_imagen2.png	246	246	RGBA
assets/sprites/ui/ui_icon_infamy.png	128	128	RGBA
assets/sprites/ui/ui_icon_infamy_imagen2.png	268	268	RGBA
assets/sprites/ui/ui_icon_mana.png	128	128	RGBA
assets/sprites/ui/ui_icon_mana_imagen2.png	262	262	RGBA
assets/sprites/ui/ui_icon_shield.png	128	128	RGBA
assets/sprites/ui/ui_icon_survival.png	128	128	RGBA
assets/sprites/ui/ui_icon_trap.png	128	128	RGBA
assets/tiles/cave_f/door/door_cave_f_ne_open.png	128	128	RGBA
assets/tiles/cave_f/door/door_cave_f_nw_open.png	128	128	RGBA
assets/tiles/cave_f/edge/edge_cave_f_ne_lip.png	128	64	RGBA
assets/tiles/cave_f/edge/edge_cave_f_nw_lip.png	128	64	RGBA
assets/tiles/cave_f/edge/edge_cave_f_se_lip.png	128	64	RGBA
assets/tiles/cave_f/edge/edge_cave_f_sw_lip.png	128	64	RGBA
assets/tiles/cave_f/floor/floor_cave_f_mask_00.png	128	64	RGBA
assets/tiles/cave_f/floor/floor_cave_f_mask_01.png	128	64	RGBA
assets/tiles/cave_f/floor/floor_cave_f_mask_02.png	128	64	RGBA
assets/tiles/cave_f/floor/floor_cave_f_mask_03.png	128	64	RGBA
assets/tiles/cave_f/floor/floor_cave_f_mask_04.png	128	64	RGBA
assets/tiles/cave_f/floor/floor_cave_f_mask_05.png	128	64	RGBA
assets/tiles/cave_f/floor/floor_cave_f_mask_06.png	128	64	RGBA
assets/tiles/cave_f/floor/floor_cave_f_mask_07.png	128	64	RGBA
assets/tiles/cave_f/floor/floor_cave_f_mask_08.png	128	64	RGBA
assets/tiles/cave_f/floor/floor_cave_f_mask_09.png	128	64	RGBA
assets/tiles/cave_f/floor/floor_cave_f_mask_10.png	128	64	RGBA
assets/tiles/cave_f/floor/floor_cave_f_mask_11.png	128	64	RGBA
assets/tiles/cave_f/floor/floor_cave_f_mask_12.png	128	64	RGBA
assets/tiles/cave_f/floor/floor_cave_f_mask_13.png	128	64	RGBA
assets/tiles/cave_f/floor/floor_cave_f_mask_14.png	128	64	RGBA
assets/tiles/cave_f/floor/floor_cave_f_mask_15.png	128	64	RGBA
assets/tiles/cave_f/floor/gpt2_floor_cave_f_source_atlas.png	1536	1024	RGB
assets/tiles/cave_f/gpt2_cave_f_addon_source_atlas.png	1254	1254	RGB
assets/tiles/cave_f/gpt2_cave_f_wall_mask_source_atlas_alpha.png	1254	1254	RGBA
assets/tiles/cave_f/gpt2_cave_f_wall_mask_source_atlas_chroma.png	1254	1254	RGBA
assets/tiles/cave_f/overlay/floor_cave_f_corner_inner_ne.png	128	80	RGBA
assets/tiles/cave_f/overlay/floor_cave_f_corner_inner_nw.png	128	80	RGBA
assets/tiles/cave_f/overlay/floor_cave_f_corner_inner_se.png	128	80	RGBA
assets/tiles/cave_f/overlay/floor_cave_f_corner_inner_sw.png	128	80	RGBA
assets/tiles/cave_f/overlay/floor_cave_f_corner_outer_ne.png	128	80	RGBA
assets/tiles/cave_f/overlay/floor_cave_f_corner_outer_nw.png	128	80	RGBA
assets/tiles/cave_f/overlay/floor_cave_f_corner_outer_se.png	128	80	RGBA
assets/tiles/cave_f/overlay/floor_cave_f_corner_outer_sw.png	128	80	RGBA
assets/tiles/cave_f/wall/wall_cave_f_mask_00.png	128	128	RGBA
assets/tiles/cave_f/wall/wall_cave_f_mask_01.png	128	128	RGBA
assets/tiles/cave_f/wall/wall_cave_f_mask_02.png	128	128	RGBA
assets/tiles/cave_f/wall/wall_cave_f_mask_03.png	128	128	RGBA
assets/tiles/cave_f/wall/wall_cave_f_mask_04.png	128	128	RGBA
assets/tiles/cave_f/wall/wall_cave_f_mask_05.png	128	128	RGBA
assets/tiles/cave_f/wall/wall_cave_f_mask_06.png	128	128	RGBA
assets/tiles/cave_f/wall/wall_cave_f_mask_07.png	128	128	RGBA
assets/tiles/cave_f/wall/wall_cave_f_mask_08.png	128	128	RGBA
assets/tiles/cave_f/wall/wall_cave_f_mask_09.png	128	128	RGBA
assets/tiles/cave_f/wall/wall_cave_f_mask_10.png	128	128	RGBA
assets/tiles/cave_f/wall/wall_cave_f_mask_11.png	128	128	RGBA
assets/tiles/cave_f/wall/wall_cave_f_mask_12.png	128	128	RGBA
assets/tiles/cave_f/wall/wall_cave_f_mask_13.png	128	128	RGBA
assets/tiles/cave_f/wall/wall_cave_f_mask_14.png	128	128	RGBA
assets/tiles/cave_f/wall/wall_cave_f_mask_15.png	128	128	RGBA
assets/tiles/cave_f/wall/wall_cave_f_ne_straight_00.png	128	96	RGBA
assets/tiles/cave_f/wall/wall_cave_f_nw_straight_00.png	128	96	RGBA
assets/tiles/cave_v2/door/door_cave_v2_ne_open.png	128	120	RGBA
assets/tiles/cave_v2/door/door_cave_v2_nw_open.png	128	120	RGBA
assets/tiles/cave_v2/edge/edge_cave_v2_ne_lip.png	128	64	RGBA
assets/tiles/cave_v2/edge/edge_cave_v2_nw_lip.png	128	64	RGBA
assets/tiles/cave_v2/edge/edge_cave_v2_se_lip.png	128	64	RGBA
assets/tiles/cave_v2/edge/edge_cave_v2_sw_lip.png	128	64	RGBA
assets/tiles/cave_v2/floor/floor_cave_v2_mask_00.png	128	64	RGBA
assets/tiles/cave_v2/floor/floor_cave_v2_mask_01.png	128	64	RGBA
assets/tiles/cave_v2/floor/floor_cave_v2_mask_02.png	128	64	RGBA
assets/tiles/cave_v2/floor/floor_cave_v2_mask_03.png	128	64	RGBA
assets/tiles/cave_v2/floor/floor_cave_v2_mask_04.png	128	64	RGBA
assets/tiles/cave_v2/floor/floor_cave_v2_mask_05.png	128	64	RGBA
assets/tiles/cave_v2/floor/floor_cave_v2_mask_06.png	128	64	RGBA
assets/tiles/cave_v2/floor/floor_cave_v2_mask_07.png	128	64	RGBA
assets/tiles/cave_v2/floor/floor_cave_v2_mask_08.png	128	64	RGBA
assets/tiles/cave_v2/floor/floor_cave_v2_mask_09.png	128	64	RGBA
assets/tiles/cave_v2/floor/floor_cave_v2_mask_10.png	128	64	RGBA
assets/tiles/cave_v2/floor/floor_cave_v2_mask_11.png	128	64	RGBA
assets/tiles/cave_v2/floor/floor_cave_v2_mask_12.png	128	64	RGBA
assets/tiles/cave_v2/floor/floor_cave_v2_mask_13.png	128	64	RGBA
assets/tiles/cave_v2/floor/floor_cave_v2_mask_14.png	128	64	RGBA
assets/tiles/cave_v2/floor/floor_cave_v2_mask_15.png	128	64	RGBA
assets/tiles/cave_v2/overlay/floor_cave_v2_corner_inner_ne.png	128	64	RGBA
assets/tiles/cave_v2/overlay/floor_cave_v2_corner_inner_nw.png	128	64	RGBA
assets/tiles/cave_v2/overlay/floor_cave_v2_corner_inner_se.png	128	64	RGBA
assets/tiles/cave_v2/overlay/floor_cave_v2_corner_inner_sw.png	128	64	RGBA
assets/tiles/cave_v2/overlay/floor_cave_v2_corner_outer_ne.png	128	64	RGBA
assets/tiles/cave_v2/overlay/floor_cave_v2_corner_outer_nw.png	128	64	RGBA
assets/tiles/cave_v2/overlay/floor_cave_v2_corner_outer_se.png	128	64	RGBA
assets/tiles/cave_v2/overlay/floor_cave_v2_corner_outer_sw.png	128	64	RGBA
assets/tiles/cave_v2/wall/wall_cave_v2_mask_00.png	160	96	RGBA
assets/tiles/cave_v2/wall/wall_cave_v2_mask_01.png	160	96	RGBA
assets/tiles/cave_v2/wall/wall_cave_v2_mask_02.png	160	96	RGBA
assets/tiles/cave_v2/wall/wall_cave_v2_mask_03.png	160	96	RGBA
assets/tiles/cave_v2/wall/wall_cave_v2_mask_04.png	160	96	RGBA
assets/tiles/cave_v2/wall/wall_cave_v2_mask_05.png	160	96	RGBA
assets/tiles/cave_v2/wall/wall_cave_v2_mask_06.png	160	96	RGBA
assets/tiles/cave_v2/wall/wall_cave_v2_mask_07.png	160	96	RGBA
assets/tiles/cave_v2/wall/wall_cave_v2_mask_08.png	160	96	RGBA
assets/tiles/cave_v2/wall/wall_cave_v2_mask_09.png	160	96	RGBA
assets/tiles/cave_v2/wall/wall_cave_v2_mask_10.png	160	96	RGBA
assets/tiles/cave_v2/wall/wall_cave_v2_mask_11.png	160	96	RGBA
assets/tiles/cave_v2/wall/wall_cave_v2_mask_12.png	160	96	RGBA
assets/tiles/cave_v2/wall/wall_cave_v2_mask_13.png	160	96	RGBA
assets/tiles/cave_v2/wall/wall_cave_v2_mask_14.png	160	96	RGBA
assets/tiles/cave_v2/wall/wall_cave_v2_mask_15.png	160	96	RGBA
assets/tiles/cave_v2/wall/wall_cave_v2_ne_straight_00.png	160	96	RGBA
assets/tiles/cave_v2/wall/wall_cave_v2_nw_straight_00.png	160	96	RGBA
assets/tiles/cave_v2/wall_edges/wall_edge_cave_v2_door_open_E.png	162	212	RGBA
assets/tiles/cave_v2/wall_edges/wall_edge_cave_v2_door_open_N.png	194	228	RGBA
assets/tiles/cave_v2/wall_edges/wall_edge_cave_v2_door_open_S.png	191	218	RGBA
assets/tiles/cave_v2/wall_edges/wall_edge_cave_v2_door_open_W.png	165	211	RGBA
assets/tiles/cave_v2/wall_edges/wall_edge_cave_v2_socket_placeholder_E.png	105	192	RGBA
assets/tiles/cave_v2/wall_edges/wall_edge_cave_v2_socket_placeholder_N.png	130	190	RGBA
assets/tiles/cave_v2/wall_edges/wall_edge_cave_v2_socket_placeholder_S.png	130	190	RGBA
assets/tiles/cave_v2/wall_edges/wall_edge_cave_v2_socket_placeholder_W.png	125	191	RGBA
assets/tiles/cave_v2/wall_edges/wall_edge_cave_v2_wall_cap_closed_E.png	145	201	RGBA
assets/tiles/cave_v2/wall_edges/wall_edge_cave_v2_wall_cap_closed_N.png	148	203	RGBA
assets/tiles/cave_v2/wall_edges/wall_edge_cave_v2_wall_cap_closed_S.png	148	199	RGBA
assets/tiles/cave_v2/wall_edges/wall_edge_cave_v2_wall_cap_closed_W.png	136	195	RGBA
assets/tiles/cave_v2/wall_edges/wall_edge_cave_v2_wall_corner_ES.png	140	206	RGBA
assets/tiles/cave_v2/wall_edges/wall_edge_cave_v2_wall_corner_NE.png	146	220	RGBA
assets/tiles/cave_v2/wall_edges/wall_edge_cave_v2_wall_corner_SW.png	144	210	RGBA
assets/tiles/cave_v2/wall_edges/wall_edge_cave_v2_wall_corner_WN.png	144	205	RGBA
assets/tiles/cave_v2/wall_edges/wall_edge_cave_v2_wall_E_cap.png	144	184	RGBA
assets/tiles/cave_v2/wall_edges/wall_edge_cave_v2_wall_E_end_a.png	154	202	RGBA
assets/tiles/cave_v2/wall_edges/wall_edge_cave_v2_wall_E_end_b.png	144	201	RGBA
assets/tiles/cave_v2/wall_edges/wall_edge_cave_v2_wall_E_straight.png	184	200	RGBA
assets/tiles/cave_v2/wall_edges/wall_edge_cave_v2_wall_N_cap.png	154	186	RGBA
assets/tiles/cave_v2/wall_edges/wall_edge_cave_v2_wall_N_end_a.png	173	205	RGBA
assets/tiles/cave_v2/wall_edges/wall_edge_cave_v2_wall_N_end_b.png	173	206	RGBA
assets/tiles/cave_v2/wall_edges/wall_edge_cave_v2_wall_N_straight.png	210	200	RGBA
assets/tiles/cave_v2/wall_edges/wall_edge_cave_v2_wall_S_cap.png	146	181	RGBA
assets/tiles/cave_v2/wall_edges/wall_edge_cave_v2_wall_S_end_a.png	163	201	RGBA
assets/tiles/cave_v2/wall_edges/wall_edge_cave_v2_wall_S_end_b.png	164	203	RGBA
assets/tiles/cave_v2/wall_edges/wall_edge_cave_v2_wall_S_straight.png	195	197	RGBA
assets/tiles/cave_v2/wall_edges/wall_edge_cave_v2_wall_W_cap.png	151	186	RGBA
assets/tiles/cave_v2/wall_edges/wall_edge_cave_v2_wall_W_end_a.png	151	200	RGBA
assets/tiles/cave_v2/wall_edges/wall_edge_cave_v2_wall_W_end_b.png	151	201	RGBA
assets/tiles/cave_v2/wall_edges/wall_edge_cave_v2_wall_W_straight.png	191	204	RGBA
assets/tiles/update4/upper/upper_floor_tile.png	384	256	RGBA
assets/tiles/update4/upper/upper_stair_landing.png	384	256	RGBA
assets/tiles/update4/upper/upper_threshold.png	384	256	RGBA
assets/tiles/update4/upper/upper_wall_tile.png	384	256	RGBA
assets/ui/dark_fantasy/banner_title.png	341	208	RGBA
assets/ui/dark_fantasy/button_hover.png	1242	384	RGBA
assets/ui/dark_fantasy/button_menu.png	171	282	RGBA
assets/ui/dark_fantasy/button_normal.png	1242	384	RGBA
assets/ui/dark_fantasy/button_pressed.png	1242	384	RGBA
assets/ui/dark_fantasy/hp_bar_frame.png	1640	399	RGBA
assets/ui/dark_fantasy/icon_slot.png	216	163	RGBA
assets/ui/dark_fantasy/panel_inspector.png	803	1207	RGBA
assets/ui/dark_fantasy/panel_log.png	803	1207	RGBA
assets/ui/dark_fantasy/panel_parchment.png	803	1207	RGBA
assets/ui/dark_fantasy/resource_plaque_food.png	1640	399	RGBA
assets/ui/dark_fantasy/resource_plaque_gold.png	1640	399	RGBA
assets/ui/dark_fantasy/resource_plaque_infamy.png	1640	399	RGBA
assets/ui/dark_fantasy/resource_plaque_mana.png	1640	399	RGBA
assets/ui/dark_fantasy/resource_plaque_small.png	1640	399	RGBA
assets/ui/dark_fantasy/resource_plaque_wide.png	1640	399	RGBA
assets/ui/dark_fantasy/ui_skin_atlas_imagen2_source.png	1254	1254	RGBA
assets/ui/duo/duo_badges_vfx_sheet.png	1536	1024	RGB
assets/ui/endings/emblem_demon_hero_rival_pact.png	192	192	RGBA
assets/ui/endings/emblem_dread_overlord_rises.png	192	192	RGBA
assets/ui/endings/emblem_impregnable_demon_citadel.png	192	192	RGBA
assets/ui/endings/emblem_monster_family_castle.png	192	192	RGBA
assets/ui/endings/emblem_true_demon_castle.png	192	192	RGBA
assets/ui/endings/ending_demon_hero_rival_pact.png	1672	941	RGB
assets/ui/endings/ending_dread_overlord_rises.png	1672	941	RGB
assets/ui/endings/ending_holy_open_gate.png	1672	941	RGB
assets/ui/endings/ending_impregnable_demon_citadel.png	1672	941	RGB
assets/ui/endings/ending_linked_corridors.png	1672	941	RGB
assets/ui/endings/ending_living_castle_voice.png	1672	941	RGB
assets/ui/endings/ending_monster_family_castle.png	1672	941	RGB
assets/ui/endings/ending_off_ledger_independence.png	1672	941	RGB
assets/ui/endings/ending_three_front_armistice.png	1672	941	RGB
assets/ui/endings/ending_true_demon_castle.png	1672	941	RGB
assets/ui/endings/thumbnail_demon_hero_rival_pact.png	320	180	RGB
assets/ui/endings/thumbnail_dread_overlord_rises.png	320	180	RGB
assets/ui/endings/thumbnail_impregnable_demon_citadel.png	320	180	RGB
assets/ui/endings/thumbnail_monster_family_castle.png	320	180	RGB
assets/ui/endings/thumbnail_true_demon_castle.png	320	180	RGB
assets/ui/endings/update4/ending_council_dissolved.png	1920	1080	RGB
assets/ui/endings/update4/ending_council_seat.png	1920	1080	RGB
assets/ui/endings/update4/ending_minion_wears_the_crown.png	1920	1080	RGB
assets/ui/endings/update4/ending_outpost_becomes_home.png	1920	1080	RGB
assets/ui/endings/update4/ending_three_rivals_cosign.png	1920	1080	RGB
assets/ui/endings/update4/ending_two_floors_one_throne.png	1920	1080	RGB
assets/ui/fronts/front_chronicle_sheet.png	1448	1086	RGB
assets/ui/hearts/heart_icons_vfx_sheet.png	1536	1024	RGB
assets/ui/icons/update4/floor_switch.png	384	256	RGBA
assets/ui/onboarding/scenes/scene_demon_castle_dialogue.png	1920	1080	RGB
assets/ui/onboarding/scenes/scene_rookie_cave_start.png	1672	941	RGB
assets/ui/outpost/update4/outpost_false_gate_base.png	512	320	RGBA
assets/ui/outpost/update4/outpost_false_gate_damaged.png	512	320	RGBA
assets/ui/outpost/update4/outpost_false_gate_level2.png	512	320	RGBA
assets/ui/outpost/update4/outpost_supply_burrow_base.png	512	320	RGBA
assets/ui/outpost/update4/outpost_supply_burrow_damaged.png	512	320	RGBA
assets/ui/outpost/update4/outpost_supply_burrow_level2.png	512	320	RGBA
assets/ui/outpost/update4/outpost_watch_nest_base.png	512	320	RGBA
assets/ui/outpost/update4/outpost_watch_nest_damaged.png	512	320	RGBA
assets/ui/outpost/update4/outpost_watch_nest_level2.png	512	320	RGBA
assets/ui/regions/update4/card_blackwater_exchange.png	1024	576	RGB
assets/ui/regions/update4/card_bone_lantern_fields.png	1024	576	RGB
assets/ui/regions/update4/card_ironbell_ravine.png	1024	576	RGB
assets/ui/regions/update4/card_mistcap_marsh.png	1024	576	RGB
assets/ui/regions/update4/card_moonbat_aerie.png	1024	576	RGB
assets/ui/regions/update4/emblem_blackwater_exchange.png	256	256	RGBA
assets/ui/regions/update4/emblem_bone_lantern_fields.png	256	256	RGBA
assets/ui/regions/update4/emblem_ironbell_ravine.png	256	256	RGBA
assets/ui/regions/update4/emblem_mistcap_marsh.png	256	256	RGBA
assets/ui/regions/update4/emblem_moonbat_aerie.png	256	256	RGBA
assets/ui/room_v2/room_v2_barracks.png	160	160	RGBA
assets/ui/room_v2/room_v2_build_slot.png	160	160	RGBA
assets/ui/room_v2/room_v2_center.png	160	160	RGBA
assets/ui/room_v2/room_v2_entrance.png	160	160	RGBA
assets/ui/room_v2/room_v2_recovery.png	160	160	RGBA
assets/ui/room_v2/room_v2_spike_corridor.png	160	160	RGBA
assets/ui/room_v2/room_v2_throne.png	160	160	RGBA
assets/ui/room_v2/room_v2_treasure.png	160	160	RGBA
assets/ui/room_v2/room_v2_watch_post.png	160	160	RGBA
assets/ui/specializations/update3/badge_bebe_night_steward.png	192	192	RGBA
assets/ui/specializations/update3/badge_bebe_poltergeist_cleaner.png	192	192	RGBA
assets/ui/specializations/update3/badge_koko_bounty_sniffer.png	192	192	RGBA
assets/ui/specializations/update3/badge_koko_throne_shepherd.png	192	192	RGBA
assets/ui/specializations/update3/badge_toktok_castle_mason.png	192	192	RGBA
assets/ui/specializations/update3/badge_toktok_shell_breaker.png	192	192	RGBA
assets/ui/status/update3_status_icons_sheet.png	1254	1254	RGB
assets/ui/upper_floor/update4/layout_upper_compact_guard.png	1024	512	RGB
assets/ui/upper_floor/update4/layout_upper_long_gallery.png	1024	512	RGB
assets/ui/upper_floor/update4/layout_upper_split_vault.png	1024	512	RGB
